source_url,Jenis/Bentuk Peraturan,Pemrakarsa,Nomor,Tahun,Tentang,Tempat Penetapan,Ditetapkan Tanggal,Pejabat yang Menetapkan,Status,Link Download PDF,Jumlah dilihat,Jumlah diDownload,Tahun Pengundangan,Nomor Pengundangan,Nomor Tambahan,Tanggal Pengundangan,Pejabat Pengundangan,label,status
https://peraturan.go.id/id/permenag-no-15-tahun-2026,PERATURAN MENTERI,KEMENTERIAN AGAMA,15,2026,"Pembinaan dan Pengawasan Badan Amil Zakat Nasional, Badan Amil Zakat Nasional Provinsi, Badan Amil Zakat Nasional Kabupaten/ Kota, dan Lembaga Amil Zakat",Jakarta,30 Juli 2026,NASARUDDIN UMAR,Berlaku,https://peraturan.go.id/files/permenag-no-15-tahun-2026.pdf,940,390,2026,545,,04 Agustus 2026,DHAHANA PUTRA,induk,Berlaku
https://peraturan.go.id/id/permenag-no-2-tahun-2026,PERATURAN MENTERI,KEMENTERIAN AGAMA,2,2026,Statuta Sekolah Tinggi Agama Kristen Negeri Mesias Sorong,Jakarta,06 Februari 2026,NASARUDDIN UMAR,Berlaku,https://peraturan.go.id/files/permenag-no-2-tahun-2026.pdf,1998,1286,2026,119,,23 Februari 2026,DHAHANA PUTRA,induk,Berlaku
https://peraturan.go.id/id/permendiktisaintek-no-7-tahun-2026,PERATURAN MENTERI,"KEMENTERIAN PENDIDIKAN TINGGI, SAINS, DAN TEKNOLOGI",7,2026,Statuta Politeknik Negeri Indramayu,Jakarta,11 Mei 2026,SATRYO SOEMANTRI BRODJONEGORO,Berlaku,https://peraturan.go.id/files/permendiktisaintek-no-7-tahun-2026.pdf,1475,535,2026,306,,13 Mei 2026,DHAHANA PUTRA,induk,Berlaku
https://peraturan.go.id/id/permenpanrb-no-14-tahun-2026,PERATURAN MENTERI,KEMENTERIAN PENDAYAGUNAAN APARATUR NEGARA DAN REFORMASI BIROKRASI,14,2026,Jabatan Fungsional Dosen,Jakarta,04 Agustus 2026,RINI WIDYANTINI,Berlaku,https://peraturan.go.id/files/permenpanrb-no-14-tahun-2026.pdf,959,410,2026,575,,18 Agustus 2026,DHAHANA PUTRA,induk,Berlaku
https://peraturan.go.id/id/permenaker-no-9-tahun-2026,PERATURAN MENTERI,KEMENTERIAN KETENAGAKERJAAN,9,2026,Perubahan Kedua Atas Peraturan Menteri Ketenagakerjaan Nomor 8 Tahun 2025 tentang Pedoman Pemberian Bantuan Pemerintah Program Pemagangan Lulusan Perguruan Tinggi,Jakarta,09 Juni 2026,Yassierli,Berlaku,https://peraturan.go.id/files/permenaker-no-9-tahun-2026.pdf,1217,309,2026,378,,11 Juni 2026,DHAHANA PUTRA,perubahan,Berlaku
https://peraturan.go.id/id/permendiktisaintek-no-11-tahun-2026,PERATURAN MENTERI,"KEMENTERIAN PENDIDIKAN TINGGI, SAINS, DAN TEKNOLOGI",11,2026,"Pengendalian Gratifikasi di Lingkungan Kementerian Pendidikan Tinggi, Sains, dan Teknologi",Jakarta,23 Juli 2026,BRIAN YULIARTO,Berlaku,https://peraturan.go.id/files/permendiktisaintek-no-11-tahun-2026.pdf,434,278,2026,525,,31 Juli 2026,DHAHANA PUTRA,induk,Berlaku
https://peraturan.go.id/id/permendiktisaintek-no-10-tahun-2026,PERATURAN MENTERI,"KEMENTERIAN PENDIDIKAN TINGGI, SAINS, DAN TEKNOLOGI",10,2026,"Perubahan atas Peraturan Menteri Pendidikan Tinggi, Sains, dan Teknologi Nomor 39 Tahun 2025 tentang Penjaminan Mutu Pendidikan Tinggi",Jakarta,14 Juli 2026,BRIAN YULIARTO,Berlaku,https://peraturan.go.id/files/permendiktisaintek-no-10-tahun-2026.pdf,8309,3010,2026,477,,16 Juli 2026,DHAHANA PUTRA,perubahan,Berlaku
https://peraturan.go.id/id/permenaker-no-12-tahun-2026,PERATURAN MENTERI,KEMENTERIAN KETENAGAKERJAAN,12,2026,Perubahan Ketiga atas Peraturan Menteri Ketenagakerjaan Nomor 8 Tahun 2025 tentang Pedoman Pemberian Bantuan Pemerintah Program Pemagangan Lulusan Perguruan Tinggi,Jakarta,24 Agustus 2026,Yassierli,Berlaku,https://peraturan.go.id/files/permenaker-no-12-tahun-2026.pdf,235,180,2026,598,,27 Agustus 2026,DHAHANA PUTRA,perubahan,Berlaku
https://peraturan.go.id/id/permendiktisaintek-no-8-tahun-2026,PERATURAN MENTERI,"KEMENTERIAN PENDIDIKAN TINGGI, SAINS, DAN TEKNOLOGI",8,2026,Keprotokolan di Lingkungan Kementerian Pendidikan Tinggi Sains dan Teknologi,Jakarta,11 Mei 2026,BRIAN YULIARTO,Berlaku,https://peraturan.go.id/files/permendiktisaintek-no-8-tahun-2026.pdf,1346,458,2026,343,,25 Mei 2026,DHAHANA PUTRA,induk,Berlaku
https://peraturan.go.id/id/permenag-no-4-tahun-2026,PERATURAN MENTERI,KEMENTERIAN AGAMA,4,2026,Perubahan Kedua atas Peraturan Menteri Agama Nomor 19 Tahun 2019 tentang Organisasi dan Tata Kerja Instansi Vertikal Kementerian Agama,Jakarta,06 Februari 2026,NASARUDDIN UMAR,Berlaku,https://peraturan.go.id/files/permenag-no-4-tahun-2026.pdf,3502,1324,2026,121,,23 Februari 2026,DHAHANA PUTRA,perubahan,Berlaku
https://peraturan.go.id/id/permendiktisaintek-no-9-tahun-2026,PERATURAN MENTERI,"KEMENTERIAN PENDIDIKAN TINGGI, SAINS, DAN TEKNOLOGI",9,2026,Akreditasi Jurnal Ilmiah,Jakarta,29 Juni 2026,BRIAN YULIARTO,Berlaku,https://peraturan.go.id/files/permendiktisaintek-no-9-tahun-2026.pdf,4295,2002,2026,453,,07 Juli 2026,DHAHANA PUTRA,induk,Berlaku
https://peraturan.go.id/id/permendiktisaintek-no-14-tahun-2026,PERATURAN MENTERI,"KEMENTERIAN PENDIDIKAN TINGGI, SAINS, DAN TEKNOLOGI",14,2026,Satu Data Pendidikan Tinggi Sains dan Teknologi,Jakarta,31 Juli 2026,BRIAN YULIARTO,Berlaku,https://peraturan.go.id/files/permendiktisaintek-no-14-tahun-2026.pdf,526,376,2026,562,,11 Agustus 2026,DHAHANA PUTRA,induk,Berlaku
https://peraturan.go.id/id/permen-haji-umrah-no-2-tahun-2026,PERATURAN MENTERI,KEMENTERIAN HAJI DAN UMRAH,2,2026,"Standar Kegiatan Usaha,Tata Cara Pelaksanaan Pengawasan, dan Sanksi Administratif pada Penyelenggaraan Perizinan Berusaha Berbasis Risiko Sektor Keagamaan",Jakarta,30 Juli 2026,MOCHAMAD IRFAN YUSUF,Berlaku,https://peraturan.go.id/files/permen-haji-umrah-no-2-tahun-2026.pdf,1996,1235,2026,541,,03 Agustus 2026,DHAHANA PUTRA,induk,Berlaku
https://peraturan.go.id/id/permenag-no-8-tahun-2026,PERATURAN MENTERI,KEMENTERIAN AGAMA,8,2026,Organisasi dan Tata Kerja Universitas Islam Negeri Sultan Maulana Hasanuddin Banten,Jakarta,14 April 2026,NASARUDDIN UMAR,Berlaku,https://peraturan.go.id/files/permenag-no-8-tahun-2026.pdf,1185,349,2026,250,,20 April 2026,DHAHANA PUTRA,induk,Berlaku
https://peraturan.go.id/id/permendiktisaintek-no-4-tahun-2026,PERATURAN MENTERI,"KEMENTERIAN PENDIDIKAN TINGGI, SAINS, DAN TEKNOLOGI",4,2026,Pengelolaan Tugas Belajar bagi Pegawai Negeri Sipil di Lingkungan Kementerian Pendidikan Tinggi Sains dan Teknologi,Jakarta,27 Februari 2026,BRIAN YULIARTO,Berlaku,https://peraturan.go.id/files/permendiktisaintek-no-4-tahun-2026.pdf,2037,994,2026,136,,27 Februari 2026,DHAHANA PUTRA,induk,Berlaku
https://peraturan.go.id/id/permenag-no-12-tahun-2026,PERATURAN MENTERI,KEMENTERIAN AGAMA,12,2026,Tata Naskah Dinas pada Kementerian Agama,Jakarta,13 Juli 2026,NASARUDDIN UMAR,Berlaku,https://peraturan.go.id/files/permenag-no-12-tahun-2026.pdf,1749,666,2026,489,,20 Juli 2026,DHAHANA PUTRA,induk,Berlaku
https://peraturan.go.id/id/permendiktisaintek-no-13-tahun-2026,PERATURAN MENTERI,"KEMENTERIAN PENDIDIKAN TINGGI, SAINS, DAN TEKNOLOGI",13,2026,Statuta Politeknik Pertanian Negeri Samarinda,Jakarta,23 Juli 2026,BRIAN YULIARTO,Berlaku,https://peraturan.go.id/files/permendiktisaintek-no-13-tahun-2026.pdf,372,311,2026,518,,28 Juli 2026,DHAHANA PUTRA,induk,Berlaku
https://peraturan.go.id/id/permendiktisaintek-no-1-tahun-2026,PERATURAN MENTERI,"KEMENTERIAN PENDIDIKAN TINGGI, SAINS, DAN TEKNOLOGI",1,2026,Pinjaman Perguruan Tinggi Negeri Badan Hukum,Jakarta,03 Februari 2026,BRIAN YULIARTO,Berlaku,https://peraturan.go.id/files/permendiktisaintek-no-1-tahun-2026.pdf,2267,1178,2026,82,,04 Februari 2026,DHAHANA PUTRA,induk,Berlaku
https://peraturan.go.id/id/permenag-no-6-tahun-2026,PERATURAN MENTERI,KEMENTERIAN AGAMA,6,2026,Pembentukan Fakultas Jurusan dan Program Studi serta Sebutan Gelar dan Tata Cara Penulisan Gelar dalam Rumpun Ilmu Agama,Jakarta,04 Maret 2026,NASARUDDIN UMAR,Berlaku,https://peraturan.go.id/files/permenag-no-6-tahun-2026.pdf,2024,1246,2026,187,,16 Maret 2026,DHAHANA PUTRA,induk,Berlaku
https://peraturan.go.id/id/permenag-no-10-tahun-2026,PERATURAN MENTERI,KEMENTERIAN AGAMA,10,2026,Statuta Universitas Hindu Negeri I Gusti Bagus Sugriwa Denpasar,Jakarta,18 Mei 2026,NASARUDDIN UMAR,Berlaku,https://peraturan.go.id/files/permenag-no-10-tahun-2026.pdf,990,225,2026,353,,03 Juni 2026,DHAHANA PUTRA,induk,Berlaku
https://peraturan.go.id/id/permendiktisaintek-no-3-tahun-2026,PERATURAN MENTERI,"KEMENTERIAN PENDIDIKAN TINGGI, SAINS, DAN TEKNOLOGI",3,2026,Penerimaan Mahasiswa Baru Program Diploma dan Program Sarjana pada Perguruan Tinggi Negeri,Jakarta,18 Februari 2026,BRIAN YULIARTO,Berlaku,https://peraturan.go.id/files/permendiktisaintek-no-3-tahun-2026.pdf,2825,2236,2026,118,,19 Februari 2026,DHAHANA PUTRA,induk,Berlaku
https://peraturan.go.id/id/permenag-no-9-tahun-2026,PERATURAN MENTERI,KEMENTERIAN AGAMA,9,2026,Statuta Universitas Islam Negeri Raden Intan Lampung,Jakarta,14 April 2026,NASARUDDIN UMAR,Berlaku,https://peraturan.go.id/files/permenag-no-9-tahun-2026.pdf,1092,352,2026,251,,20 April 2026,DHAHANA PUTRA,induk,Berlaku
https://peraturan.go.id/id/permenag-no-3-tahun-2026,PERATURAN MENTERI,KEMENTERIAN AGAMA,3,2026,Statuta Sekolah Tinggi Agama Khonghucu Indonesia Negeri Bangka Belitung,Jakarta,06 Februari 2026,NASARUDDIN UMAR,Berlaku,https://peraturan.go.id/files/permenag-no-3-tahun-2026.pdf,1320,655,2026,120,,23 Februari 2026,DHAHANA PUTRA,induk,Berlaku
https://peraturan.go.id/id/permendiktisaintek-no-12-tahun-2026,PERATURAN MENTERI,"KEMENTERIAN PENDIDIKAN TINGGI, SAINS, DAN TEKNOLOGI",12,2026,Statuta Universitas Musamus,Jakarta,23 Juli 2026,BRIAN YULIARTO,Berlaku,https://peraturan.go.id/files/permendiktisaintek-no-12-tahun-2026.pdf,395,390,2026,517,,28 Juli 2026,DHAHANA PUTRA,induk,Berlaku
https://peraturan.go.id/id/permenag-no-5-tahun-2026,PERATURAN MENTERI,KEMENTERIAN AGAMA,5,2026,Perubahan atas Peraturan Menteri Agama Nomor 32 Tahun 2025 tentang Statuta Universitas Islam Negeri Palopo,Jakarta,04 Maret 2026,NASARUDDIN UMAR,Berlaku,https://peraturan.go.id/files/permenag-no-5-tahun-2026.pdf,1220,515,2026,186,,16 Maret 2026,DHAHANA PUTRA,perubahan,Berlaku
https://peraturan.go.id/id/permenag-no-7-tahun-2026,PERATURAN MENTERI,KEMENTERIAN AGAMA,7,2026,Satu Data Kementerian Agama,Jakarta,17 Maret 2026,NASARUDDIN UMAR,Berlaku,https://peraturan.go.id/files/permenag-no-7-tahun-2026.pdf,1409,775,2026,217,,01 April 2026,DHAHANA PUTRA,induk,Berlaku
https://peraturan.go.id/id/permenag-no-16-tahun-2026,PERATURAN MENTERI,KEMENTERIAN AGAMA,16,2026,Perubahan atas Peraturan Menteri Agama Nomor 33 Tahun 2024 tentang Organisasi dan Tata Kerja Kementerian Agama,Jakarta,04 Agustus 2026,NASARUDDIN UMAR,Berlaku,https://peraturan.go.id/files/Peraturanperancangsatu3204_signed.pdf,716,287,2026,555,,06 Agustus 2026,DHAHANA PUTRA,perubahan,Berlaku
https://peraturan.go.id/id/permenag-no-13-tahun-2026,PERATURAN MENTERI,KEMENTERIAN AGAMA,13,2026,Statuta Universitas Islam Negeri Sjech M. Djamil Djambek Bukittinggi,Jakarta,30 Juli 2026,NASARUDDIN UMAR,Berlaku,https://peraturan.go.id/files/permenag-no-13-tahun-2026.pdf,305,197,2026,543,,04 Agustus 2026,DHAHANA PUTRA,induk,Berlaku
https://peraturan.go.id/id/permendiktisaintek-no-2-tahun-2026,PERATURAN MENTERI,"KEMENTERIAN PENDIDIKAN TINGGI, SAINS, DAN TEKNOLOGI",2,2026,Program Indonesia Pintar Pendidikan Tinggi,Jakarta,18 Februari 2026,BRIAN YULIARTO,Berlaku,https://peraturan.go.id/files/permendiktisaintek-no-2-tahun-2026.pdf,1966,2450,2026,117,,19 Februari 2026,DHAHANA PUTRA,induk,Berlaku
https://peraturan.go.id/id/permendiktisaintek-no-5-tahun-2026,PERATURAN MENTERI,"KEMENTERIAN PENDIDIKAN TINGGI, SAINS, DAN TEKNOLOGI",5,2026,Kuota Mahasiswa Baru Program Studi Kedokteran dan Program Studi Kedokteran Gigi,Jakarta,11 Mei 2026,BRIAN YULIARTO,Berlaku,https://peraturan.go.id/files/permendiktisaintek-no-5-tahun-2026.pdf,1396,491,2026,304,,13 Mei 2026,DHAHANA PUTRA,induk,Berlaku
https://peraturan.go.id/id/permenag-no-11-tahun-2026,PERATURAN MENTERI,KEMENTERIAN AGAMA,11,2026,Perubahan atas Peraturan Menteri Agama Nomor 7 Tahun 2018 tentang Standar Satuan Biaya Operasional Pendidikan Tinggi pada Perguruan Tinggi Keagamaan Negeri,Jakarta,13 Juli 2026,NASARUDDIN UMAR,Berlaku,https://peraturan.go.id/files/permenag-no-11-tahun-2026.pdf,451,291,2026,488,,20 Juli 2026,DHAHANA PUTRA,perubahan,Berlaku
https://peraturan.go.id/id/permenag-no-14-tahun-2026,PERATURAN MENTERI,KEMENTERIAN AGAMA,14,2026,Pengendalian Gratifikasi pada Kementerian Agama,Jakarta,30 Juli 2026,NASARUDDIN UMAR,Berlaku,https://peraturan.go.id/files/permenag-no-14-tahun-2026.pdf,472,385,2026,544,,04 Agustus 2026,DHAHANA PUTRA,induk,Berlaku
https://peraturan.go.id/id/permenag-no-17-tahun-2026,PERATURAN MENTERI,KEMENTERIAN AGAMA,17,2026,Pemajuan Dharmagita,Jakarta,12 Agustus 2026,NASARUDDIN UMAR,Berlaku,https://peraturan.go.id/files/permenag-no-17-tahun-2026.pdf,211,273,2026,577,,18 Agustus 2026,DHAHANA PUTRA,induk,Berlaku
https://peraturan.go.id/id/permenkkp-no-9-tahun-2026,PERATURAN MENTERI,KEMENTERIAN KELAUTAN DAN PERIKANAN,9,2026,Pembebasan Biaya Pendidikan bagi Peserta Didik pada Satuan Pendidikan Menengah dan Satuan Pendidikan Tinggi di Lingkungan Kementerian Kelautan dan Perikanan,Jakarta,03 September 2026,SAKTI WAHYU TRENGGONO,Berlaku,https://peraturan.go.id/files/permenkkp-no-9-tahun-2026.pdf,125,120,2026,615,,04 September 2026,DHAHANA PUTRA,induk,Berlaku
