judul,jenis,nomor,tahun,pemrakarsa,file_url,source_page
Asesor Laporan Kinerja Dosen Semester Genap Lembaga Penjaminan Mutu IAIN Parepare tahun 2022/2023,Keputusan Rektor,SK/IAIN/2022,2022,IAIN Parepare (iainpare.ac.id),https://drive.google.com/file/d/15RlHni4ZqcLRcVwXdOc_IYTDXHJhMV7Z/view?usp=sharing,https://iainpare.ac.id/pedoman
Buku Statistik IAIN Parepare tahun 2023,Keputusan Rektor,SK/IAIN/2023,2023,IAIN Parepare (iainpare.ac.id),https://drive.google.com/drive/u/2/folders/1TrxFoZ8yz0G7L6taNQUZ0dU6zkcFoMWe,https://iainpare.ac.id/pedoman
Organisasi dan Tata Kerja IAIN Parepare,Keputusan Rektor,SK/IAIN/2024,2024,IAIN Parepare (iainpare.ac.id),https://drive.google.com/file/d/17EdGckMoVqcp3Z3lATmhMmGUXP2iU28n/view?usp=sharing,https://iainpare.ac.id/pedoman
Organisasi Dan Tata Kerja IAIN Parepare - Perubahan Atas PMA 35 Tahun 2018,Keputusan Rektor,SK/IAIN/2018,2018,IAIN Parepare (iainpare.ac.id),https://drive.google.com/file/d/16p7WipfUwNN5RsQ24xNfSdCj-pZ56tV2/view?usp=sharing,https://iainpare.ac.id/pedoman
Pedoman Monitoring dan Evaluasi non akademik IAIN Parepare,Pedoman IAIN Parepare,SK/IAIN/2024,2024,IAIN Parepare (iainpare.ac.id),https://drive.google.com/file/d/1iA8BxSKEDlbKS1vcNdqeORSSvCAYXe7_/view?usp=sharing,https://iainpare.ac.id/pedoman
Pedoman Standar Pelayanan Hubungan Masyarakat Institut Agama Islam Negeri Parepare,Pedoman IAIN Parepare,SK/IAIN/2024,2024,IAIN Parepare (iainpare.ac.id),https://drive.google.com/file/d/1u9nbIlDtyUY4bFECvUGvBxhT1hkBl7Ec/view?usp=drive_link,https://iainpare.ac.id/pedoman
Pedoman Standar Pelayanan Kearsipan Institut Agama Islam Negeri Parepare,Pedoman IAIN Parepare,SK/IAIN/2024,2024,IAIN Parepare (iainpare.ac.id),https://drive.google.com/file/d/1EMlaEK0hvZ1_HfUHMzvmXCrkjkOtbwox/view?usp=sharing,https://iainpare.ac.id/pedoman
Pedoman Standar Pelayanan Kepegawaian Institut Agama Islam Negeri Parepare,Pedoman IAIN Parepare,SK/IAIN/2024,2024,IAIN Parepare (iainpare.ac.id),https://drive.google.com/file/d/1tQN8lvPBVs26ygh9kJ6WedIFSddMG-G6/view?usp=sharing,https://iainpare.ac.id/pedoman
Pedoman Standar Pelayanan Keuangan Institut Agama Islam Negeri Parepare,Pedoman IAIN Parepare,SK/IAIN/2024,2024,IAIN Parepare (iainpare.ac.id),https://drive.google.com/file/d/11JVqsY9UkGrGMNxwDupBI8a4wx7tmdfE/view?usp=sharing,https://iainpare.ac.id/pedoman
Pedoman Standar Pelayanan pada Laboratorium Pendidikan Institut Agama Islam Negeri Parepare,Pedoman IAIN Parepare,SK/IAIN/2024,2024,IAIN Parepare (iainpare.ac.id),https://drive.google.com/file/d/1vx5n2KLicOxxerOAL7ZkfDda6Khi6AjP/view?usp=sharing,https://iainpare.ac.id/pedoman
Pedoman Tata Kelola IAIN Parepare,Pedoman IAIN Parepare,SK/IAIN/2024,2024,IAIN Parepare (iainpare.ac.id),https://drive.google.com/file/d/1D4pjQSebVhO0pYgjGR8QXK0xa39N29Ms/view?usp=sharing,https://iainpare.ac.id/pedoman
Rencana Induk Pengembangan IAIN Parepare,Keputusan Rektor,SK/IAIN/2024,2024,IAIN Parepare (iainpare.ac.id),https://drive.google.com/file/d/1ClxrQrifsb9B2BP_9GFsFQ6tXmYxQc7h/view?usp=sharing,https://iainpare.ac.id/pedoman
Roadmap Penelitian dan Pengabdian kepada Masyarakat tahun 2020-2024,Keputusan Rektor,SK/IAIN/2020,2020,IAIN Parepare (iainpare.ac.id),https://drive.google.com/file/d/1pt6bvLFjiFE3_gQMtLjs3DDzGNqDuEhO/view?usp=sharing,https://iainpare.ac.id/pedoman
SOP KIP K IAIN Parepare 2024,Keputusan Rektor,SK/IAIN/2024,2024,IAIN Parepare (iainpare.ac.id),https://drive.google.com/file/d/18euHj4-P-NsyRcbSpeVDup4q2nsIP9HZ/view?usp=sharing,https://iainpare.ac.id/pedoman
Pedoman Kegiatan Kemahasiswaan Beasiswa KIP (K2BK),Pedoman IAIN Parepare,SK/IAIN/2024,2024,IAIN Parepare (iainpare.ac.id),https://drive.google.com/file/d/1Pu62IkJ4UXhKxVsA0EeOOnDKAUDHMe7K/view?usp=sharing,https://iainpare.ac.id/pedoman
Pedoman Kode Etik SPI,Pedoman IAIN Parepare,SK/IAIN/2024,2024,IAIN Parepare (pasca.iainpare.ac.id),https://pasca.iainpare.ac.id/web/content/3482?unique=4d0c5f4f3bb3b5698d0fcbc18f84f3110bc50c5e&amp;download=true,https://pasca.iainpare.ac.id/pedoman
Pedoman Pemeriksaan Tujuan Tertentu,Pedoman IAIN Parepare,SK/IAIN/2024,2024,IAIN Parepare (pasca.iainpare.ac.id),https://pasca.iainpare.ac.id/web/content/3505?unique=7265c4ec7849c66b1f6794d8f54d54e338850b9a&amp;download=true,https://pasca.iainpare.ac.id/pedoman
Pedoman Pemeriksaan BMN,Pedoman IAIN Parepare,SK/IAIN/2024,2024,IAIN Parepare (pasca.iainpare.ac.id),https://pasca.iainpare.ac.id/web/content/3499?unique=def38a62321385564d639f4661f9cfdead4b0441&amp;download=true,https://pasca.iainpare.ac.id/pedoman
Pedoman Pengelolaan BMN,Pedoman IAIN Parepare,SK/IAIN/2024,2024,IAIN Parepare (pasca.iainpare.ac.id),https://pasca.iainpare.ac.id/web/content/3528?unique=4e038fab3338b486964475345acae1f12b9442ed&amp;download=true,https://pasca.iainpare.ac.id/pedoman
Pedom​an Au​dit Kinerja,Keputusan Rektor,SK/IAIN/2024,2024,IAIN Parepare (pasca.iainpare.ac.id),https://pasca.iainpare.ac.id/web/content/3497?unique=b34992525fbe420a0564cc7c1efe2b8bba9c6865&amp;download=true,https://pasca.iainpare.ac.id/pedoman
Pedoman Klarifikasi Arsip,Pedoman IAIN Parepare,SK/IAIN/2024,2024,IAIN Parepare (pasca.iainpare.ac.id),https://pasca.iainpare.ac.id/web/content/3232?unique=e421266368727f5fab7d9ce242a6fd822b35331b&amp;download=true,https://pasca.iainpare.ac.id/pedoman
Pedoman Review Laporan Keuangan,Pedoman IAIN Parepare,SK/IAIN/2024,2024,IAIN Parepare (pasca.iainpare.ac.id),https://pasca.iainpare.ac.id/web/content/3495?unique=27b0206ce2edeaf36936879a07040100ac3181cc&amp;download=true,https://pasca.iainpare.ac.id/pedoman
Pedoman Reviu RKA-K/L,Pedoman IAIN Parepare,SK/IAIN/2024,2024,IAIN Parepare (pasca.iainpare.ac.id),https://pasca.iainpare.ac.id/web/content/3503?unique=e7affe4dffb4b1962c700a5207d39d03bff8d3ec&amp;download=true,https://pasca.iainpare.ac.id/pedoman
Pedoman Reviu Rencana Bisnis,Pedoman IAIN Parepare,SK/IAIN/2024,2024,IAIN Parepare (pasca.iainpare.ac.id),https://pasca.iainpare.ac.id/web/content/3511?unique=024931bbeea978de696fa6e849bff40c39914127&amp;download=true,https://pasca.iainpare.ac.id/pedoman
Buku Kode Etik Dosen,Kode Etik IAIN Parepare,SK/IAIN/2024,2024,IAIN Parepare (pasca.iainpare.ac.id),https://pasca.iainpare.ac.id/web/content/3479?unique=56417ba00c526530a73341fe46e52262b4506315&amp;download=true,https://pasca.iainpare.ac.id/pedoman
​Pedoman MONEV Akademik,Pedoman IAIN Parepare,SK/IAIN/2024,2024,IAIN Parepare (pasca.iainpare.ac.id),https://pasca.iainpare.ac.id/web/content/3513?unique=8cc9788e3a0438ea42c77c1a447a6cc340b1714d&amp;download=true,https://pasca.iainpare.ac.id/pedoman
Pe​doman MONEV​ Non Akademik,Keputusan Rektor,SK/IAIN/2024,2024,IAIN Parepare (pasca.iainpare.ac.id),https://pasca.iainpare.ac.id/web/content/3475?unique=e49260f4be74ce65f672db9661045218bdbeff27&amp;download=true,https://pasca.iainpare.ac.id/pedoman
Pedoman PMB,Pedoman IAIN Parepare,SK/IAIN/2024,2024,IAIN Parepare (pasca.iainpare.ac.id),https://pasca.iainpare.ac.id/web/content/4085?unique=bd8ee29c3136f469ec3d7afe8cb231b261b9c5b6&amp;download=true,https://pasca.iainpare.ac.id/pedoman
Pedoman Akademik,Pedoman IAIN Parepare,SK/IAIN/2024,2024,IAIN Parepare (pasca.iainpare.ac.id),https://pasca.iainpare.ac.id/web/content/6630?unique=b5f1aada670fe4b0f25bfb3bc4c2326019d4d28c&amp;download=true,https://pasca.iainpare.ac.id/pedoman
Pedoman Tata Pamong dan Tata Kelola,Pedoman IAIN Parepare,SK/IAIN/2024,2024,IAIN Parepare (pasca.iainpare.ac.id),https://pasca.iainpare.ac.id/web/content/3130?unique=c1b9f0bf9f469463f5106dadf7fbf03ddd8dbbf3&amp;download=true,https://pasca.iainpare.ac.id/pedoman
​Pedoman Pemantauan Siste​m Perkuliahan,Pedoman IAIN Parepare,SK/IAIN/2024,2024,IAIN Parepare (pasca.iainpare.ac.id),https://pasca.iainpare.ac.id/web/content/4592?unique=d01b8fa485dec85f156d4ac02df78b40813527b0&amp;download=true,https://pasca.iainpare.ac.id/pedoman
Pedoman Penyusunan dan Reviu Renstra,Pedoman IAIN Parepare,SK/IAIN/2024,2024,IAIN Parepare (pasca.iainpare.ac.id),https://pasca.iainpare.ac.id/web/content/3509?unique=a8ab1f1e229a2ac4ad61a1d06e5b6a547bc9a6aa&amp;download=true,https://pasca.iainpare.ac.id/pedoman
​Pedoman Penyusunan Perencanaan Anggaran,Pedoman IAIN Parepare,SK/IAIN/2024,2024,IAIN Parepare (pasca.iainpare.ac.id),https://pasca.iainpare.ac.id/web/content/3534?unique=e350199aef89b34ef6d3948f822f4b1291a9edcd&amp;download=true,https://pasca.iainpare.ac.id/pedoman
Pedoman Penyusunan Rencana Strategis,Pedoman IAIN Parepare,SK/IAIN/2024,2024,IAIN Parepare (pasca.iainpare.ac.id),https://pasca.iainpare.ac.id/web/content/3532?unique=9ba0b12436eb679a61535bfea2a8d93a2bc481ad&amp;download=true,https://pasca.iainpare.ac.id/pedoman
Pedoman Penyusunan VMTS,Pedoman IAIN Parepare,SK/IAIN/2024,2024,IAIN Parepare (pasca.iainpare.ac.id),https://pasca.iainpare.ac.id/web/content/3526?unique=bbdd3d9fa36119c4bc037675c19e52477d4ad1eb&amp;download=true,https://pasca.iainpare.ac.id/pedoman
Pedoman Pemberian Penghargaan dan Hukuman,Pedoman IAIN Parepare,SK/IAIN/2024,2024,IAIN Parepare (pasca.iainpare.ac.id),https://pasca.iainpare.ac.id/web/content/3524?unique=dff806f75863c419cdf2cd486d536c027eef5f1e&amp;download=true,https://pasca.iainpare.ac.id/pedoman
Download,Keputusan Rektor,SK/IAIN/2024,2024,IAIN Parepare (fakshi.iainpare.ac.id),https://drive.google.com/file/d/1tca9nfH-sXSL2pwx5dLVJTAxVGk7kgv8/view?usp=sharing,https://fakshi.iainpare.ac.id/pedoman
Download,Keputusan Rektor,SK/IAIN/2024,2024,IAIN Parepare (fakshi.iainpare.ac.id),https://drive.google.com/file/d/1QJhAalxcmyD3Hm4eWQ_BPFajlRo-6qpH/view?usp=sharing,https://fakshi.iainpare.ac.id/renstra
Download,Keputusan Rektor,SK/IAIN/2024,2024,IAIN Parepare (fakshi.iainpare.ac.id),https://drive.google.com/file/d/17-BuxkM3Lym8wi6-P6vtiTnx7lSy1zjK/view,https://fakshi.iainpare.ac.id/renstra
Panduan IKU dan IKT,Keputusan Rektor,SK/IAIN/2024,2024,IAIN Parepare (fuad.iainpare.ac.id),https://drive.google.com/file/d/17UU0FuMRFW9Niwki6h9lMbDtJ965_-jl/view,https://fuad.iainpare.ac.id/pedoman-tata-kelola
Laporan Survei VMTS,Keputusan Rektor,SK/IAIN/2024,2024,IAIN Parepare (fuad.iainpare.ac.id),https://drive.google.com/drive/u/1/folders/1thlCReMNK_DtXl7TP10R8zP-FJ3udoip,https://fuad.iainpare.ac.id/pedoman-tata-kelola
Ketahui lebih lanjut,Keputusan Rektor,SK/IAIN/2024,2024,IAIN Parepare (fuad.iainpare.ac.id),https://drive.google.com/file/d/1gDpbVccnn5egXe-PpsPZgka6bi6hN1Yd/view?usp=drive_link,https://fuad.iainpare.ac.id/pedoman-tata-kelola
Ketahui lebih lanjut,Keputusan Rektor,SK/IAIN/2024,2024,IAIN Parepare (fuad.iainpare.ac.id),https://drive.google.com/file/d/1BmcyBX1GVDgFBJqUolHJiae_lx7O7umd/view?usp=drive_link,https://fuad.iainpare.ac.id/pedoman-tata-kelola
Ketahui lebih lanjut,Keputusan Rektor,SK/IAIN/2024,2024,IAIN Parepare (fuad.iainpare.ac.id),https://drive.google.com/file/d/13BgtVMASYW5scOjtBAs9nGhdkUSiN2QJ/view?usp=drive_link,https://fuad.iainpare.ac.id/pedoman-tata-kelola
Download,Keputusan Rektor,SK/IAIN/2024,2024,IAIN Parepare (lp2m.iainpare.ac.id),https://drive.google.com/file/d/1dunXfjWLVGFoMvvfXAJ4sGIlMUbHpr_I/view?usp=drive_link,https://lp2m.iainpare.ac.id/pedoman
Download,Keputusan Rektor,SK/IAIN/2024,2024,IAIN Parepare (lp2m.iainpare.ac.id),https://drive.google.com/file/d/1NTaZLHhceb9uBdyNLcoe1shR9d7y1_Ss/view?usp=drive_link,https://lp2m.iainpare.ac.id/pedoman
Download,Keputusan Rektor,SK/IAIN/2024,2024,IAIN Parepare (lp2m.iainpare.ac.id),https://drive.google.com/file/d/1J-QhICFj1H0IrF9kfgb4i8_0OBK8_exJ/view?usp=drive_link,https://lp2m.iainpare.ac.id/pedoman
Download,Keputusan Rektor,SK/IAIN/2024,2024,IAIN Parepare (lp2m.iainpare.ac.id),https://drive.google.com/file/d/1dOI_u3DduhobWOQVseNiQL0wX7Vj0J2a/view?usp=drive_link,https://lp2m.iainpare.ac.id/pedoman
Download,Keputusan Rektor,SK/IAIN/2024,2024,IAIN Parepare (lp2m.iainpare.ac.id),https://drive.google.com/file/d/1hSRkcRq2q_Flo43CNevTwH69O6aIxq8l/view?usp=drive_link,https://lp2m.iainpare.ac.id/pedoman
