source_url,Jenis/Bentuk Peraturan,Pemrakarsa,Nomor,Tahun,Tentang,Tempat Penetapan,Ditetapkan Tanggal,Pejabat yang Menetapkan,Status,Link Download PDF,Jumlah dilihat,Jumlah diDownload,Tahun Pengundangan,Nomor Pengundangan,Nomor Tambahan,Tanggal Pengundangan,Pejabat Pengundangan,status
https://peraturan.go.id/id/permenag-no-2-tahun-2026,PERATURAN MENTERI,KEMENTERIAN AGAMA,2,2026,Statuta Sekolah Tinggi Agama Kristen Negeri Mesias Sorong,Jakarta,06 Februari 2026,NASARUDDIN UMAR,Berlaku,https://peraturan.go.id/files/permenag-no-2-tahun-2026.pdf,1999,1286,2026,119,,23 Februari 2026,DHAHANA PUTRA,Berlaku
https://peraturan.go.id/id/permensetneg-no-3-tahun-2026,PERATURAN MENTERI,KEMENTERIAN SEKRETARIAT NEGARA,3,2026,KAMUS KOMPETENSI TEKNIS JABATAN FUNGSIONAL ANALIS KERJA SAMA,Jakarta,16 April 2026,Prasetyo Hadi,Berlaku,https://peraturan.go.id/files/permensetneg-no-3-tahun-2026.pdf,1445,536,2026,249,,20 April 2026,DHAHANA PUTRA,Berlaku
https://peraturan.go.id/id/permenag-no-15-tahun-2026,PERATURAN MENTERI,KEMENTERIAN AGAMA,15,2026,"Pembinaan dan Pengawasan Badan Amil Zakat Nasional, Badan Amil Zakat Nasional Provinsi, Badan Amil Zakat Nasional Kabupaten/ Kota, dan Lembaga Amil Zakat",Jakarta,30 Juli 2026,NASARUDDIN UMAR,Berlaku,https://peraturan.go.id/files/permenag-no-15-tahun-2026.pdf,942,390,2026,545,,04 Agustus 2026,DHAHANA PUTRA,Berlaku
https://peraturan.go.id/id/permendiktisaintek-no-7-tahun-2026,PERATURAN MENTERI,"KEMENTERIAN PENDIDIKAN TINGGI, SAINS, DAN TEKNOLOGI",7,2026,Statuta Politeknik Negeri Indramayu,Jakarta,11 Mei 2026,SATRYO SOEMANTRI BRODJONEGORO,Berlaku,https://peraturan.go.id/files/permendiktisaintek-no-7-tahun-2026.pdf,1476,535,2026,306,,13 Mei 2026,DHAHANA PUTRA,Berlaku
https://peraturan.go.id/id/permenaker-no-9-tahun-2026,PERATURAN MENTERI,KEMENTERIAN KETENAGAKERJAAN,9,2026,Perubahan Kedua Atas Peraturan Menteri Ketenagakerjaan Nomor 8 Tahun 2025 tentang Pedoman Pemberian Bantuan Pemerintah Program Pemagangan Lulusan Perguruan Tinggi,Jakarta,09 Juni 2026,Yassierli,Berlaku,https://peraturan.go.id/files/permenaker-no-9-tahun-2026.pdf,1218,309,2026,378,,11 Juni 2026,DHAHANA PUTRA,Berlaku
https://peraturan.go.id/id/permendiktisaintek-no-11-tahun-2026,PERATURAN MENTERI,"KEMENTERIAN PENDIDIKAN TINGGI, SAINS, DAN TEKNOLOGI",11,2026,"Pengendalian Gratifikasi di Lingkungan Kementerian Pendidikan Tinggi, Sains, dan Teknologi",Jakarta,23 Juli 2026,BRIAN YULIARTO,Berlaku,https://peraturan.go.id/files/permendiktisaintek-no-11-tahun-2026.pdf,435,278,2026,525,,31 Juli 2026,DHAHANA PUTRA,Berlaku
https://peraturan.go.id/id/permendikdasmen-no-1-tahun-2026,PERATURAN MENTERI,KEMENTERIAN PENDIDIKAN DASAR DAN MENENGAH,1,2026,Standar Proses pada Pendidikan Anak Usia Dini Jenjang Pendidikan Dasar dan Jenjang Pendidikan Menengah,Jakarta,02 Januari 2026,ABDUL MU’TI,Berlaku,https://peraturan.go.id/files/Permendikdasmen-no-1-tahun-2026.pdf,19835,69034,2026,1,,05 Januari 2026,DHAHANA PUTRA,Berlaku
https://peraturan.go.id/id/permendikdasmen-no-9-tahun-2026,PERATURAN MENTERI,KEMENTERIAN PENDIDIKAN DASAR DAN MENENGAH,9,2026,Perubahan atas Peraturan Menteri Pendidikan Kebudayaan Riset dan Teknologi Nomor 17 Tahun 2021 tentang Asesmen Nasional,Jakarta,11 Februari 2026,ABDUL MU’TI,Berlaku,https://peraturan.go.id/files/Permendikdasmen-no-9-tahun-2026.pdf,12819,18917,2026,98,,12 Februari 2026,DHAHANA PUTRA,Berlaku
https://peraturan.go.id/id/permenpanrb-no-14-tahun-2026,PERATURAN MENTERI,KEMENTERIAN PENDAYAGUNAAN APARATUR NEGARA DAN REFORMASI BIROKRASI,14,2026,Jabatan Fungsional Dosen,Jakarta,04 Agustus 2026,RINI WIDYANTINI,Berlaku,https://peraturan.go.id/files/permenpanrb-no-14-tahun-2026.pdf,960,410,2026,575,,18 Agustus 2026,DHAHANA PUTRA,Berlaku
https://peraturan.go.id/id/permendikdasmen-no-17-tahun-2026,PERATURAN MENTERI,KEMENTERIAN PENDIDIKAN DASAR DAN MENENGAH,17,2026,Standar Kompetensi Lulusan Pendidikan Kursus,Jakarta,29 Juli 2026,ABDUL MU’TI,Berlaku,https://peraturan.go.id/files/Permendikdasmen-no-17-tahun-2026.pdf,1705,504,2026,552,,06 Agustus 2026,DHAHANA PUTRA,Berlaku
https://peraturan.go.id/id/permendikdasmen-no-3-tahun-2026,PERATURAN MENTERI,KEMENTERIAN PENDIDIKAN DASAR DAN MENENGAH,3,2026,Partisipasi Semesta Pendidikan Bermutu,Jakarta,08 Januari 2026,ABDUL MU’TI,Berlaku,https://peraturan.go.id/files/Permendikdasmen-no-3-tahun-2026.pdf,7750,5513,2026,9,,09 Januari 2026,DHAHANA PUTRA,Berlaku
https://peraturan.go.id/id/permendiktisaintek-no-10-tahun-2026,PERATURAN MENTERI,"KEMENTERIAN PENDIDIKAN TINGGI, SAINS, DAN TEKNOLOGI",10,2026,"Perubahan atas Peraturan Menteri Pendidikan Tinggi, Sains, dan Teknologi Nomor 39 Tahun 2025 tentang Penjaminan Mutu Pendidikan Tinggi",Jakarta,14 Juli 2026,BRIAN YULIARTO,Berlaku,https://peraturan.go.id/files/permendiktisaintek-no-10-tahun-2026.pdf,8311,3010,2026,477,,16 Juli 2026,DHAHANA PUTRA,Berlaku
https://peraturan.go.id/id/permendikdasmen-no-22-tahun-2026,PERATURAN MENTERI,KEMENTERIAN PENDIDIKAN DASAR DAN MENENGAH,22,2026,"Pedoman Penetapan Muatan Lokal pada Pendidikan Anak Usia Dini, Jenjang Pendidikan Dasar, dan Jenjang Pendidikan Menengah",Jakarta,03 September 2026,ABDUL MU’TI,Berlaku,https://peraturan.go.id/files/Permendikdasmen-no-22-tahun-2026.pdf,670,557,2026,620,,08 September 2026,DHAHANA PUTRA,Berlaku
https://peraturan.go.id/id/permenaker-no-12-tahun-2026,PERATURAN MENTERI,KEMENTERIAN KETENAGAKERJAAN,12,2026,Perubahan Ketiga atas Peraturan Menteri Ketenagakerjaan Nomor 8 Tahun 2025 tentang Pedoman Pemberian Bantuan Pemerintah Program Pemagangan Lulusan Perguruan Tinggi,Jakarta,24 Agustus 2026,Yassierli,Berlaku,https://peraturan.go.id/files/permenaker-no-12-tahun-2026.pdf,236,180,2026,598,,27 Agustus 2026,DHAHANA PUTRA,Berlaku
https://peraturan.go.id/id/permendikdasmen-no-12-tahun-2026,PERATURAN MENTERI,KEMENTERIAN PENDIDIKAN DASAR DAN MENENGAH,12,2026,Masa Pengenalan Lingkungan Sekolah,Jakarta,25 Mei 2026,ABDUL MU’TI,Berlaku,https://peraturan.go.id/files/Permendikdasmen-no-12-tahun-2026.pdf,3033,984,2026,352,,03 Juni 2026,DHAHANA PUTRA,Berlaku
https://peraturan.go.id/id/permenag-no-4-tahun-2026,PERATURAN MENTERI,KEMENTERIAN AGAMA,4,2026,Perubahan Kedua atas Peraturan Menteri Agama Nomor 19 Tahun 2019 tentang Organisasi dan Tata Kerja Instansi Vertikal Kementerian Agama,Jakarta,06 Februari 2026,NASARUDDIN UMAR,Berlaku,https://peraturan.go.id/files/permenag-no-4-tahun-2026.pdf,3503,1324,2026,121,,23 Februari 2026,DHAHANA PUTRA,Berlaku
https://peraturan.go.id/id/permenpu-no-16-tahun-2026,PERATURAN MENTERI,KEMENTERIAN PEKERJAAN UMUM,16,2026,Kriteria Klasifikasi Unit Pelaksana Teknis di Lingkungan Direktorat Jenderal Prasarana Strategis Kementerian Pekerjaan Umum,Jakarta,16 Juli 2026,DODY HANGGODO,Berlaku,https://peraturan.go.id/files/permenpkp-no-16-tahun-2026.pdf,408,163,2026,519,,28 Juli 2026,DHAHANA PUTRA,Berlaku
https://peraturan.go.id/id/permendiktisaintek-no-9-tahun-2026,PERATURAN MENTERI,"KEMENTERIAN PENDIDIKAN TINGGI, SAINS, DAN TEKNOLOGI",9,2026,Akreditasi Jurnal Ilmiah,Jakarta,29 Juni 2026,BRIAN YULIARTO,Berlaku,https://peraturan.go.id/files/permendiktisaintek-no-9-tahun-2026.pdf,4296,2002,2026,453,,07 Juli 2026,DHAHANA PUTRA,Berlaku
https://peraturan.go.id/id/permendiktisaintek-no-8-tahun-2026,PERATURAN MENTERI,"KEMENTERIAN PENDIDIKAN TINGGI, SAINS, DAN TEKNOLOGI",8,2026,Keprotokolan di Lingkungan Kementerian Pendidikan Tinggi Sains dan Teknologi,Jakarta,11 Mei 2026,BRIAN YULIARTO,Berlaku,https://peraturan.go.id/files/permendiktisaintek-no-8-tahun-2026.pdf,1347,458,2026,343,,25 Mei 2026,DHAHANA PUTRA,Berlaku
https://peraturan.go.id/id/permendikdasmen-no-4-tahun-2026,PERATURAN MENTERI,KEMENTERIAN PENDIDIKAN DASAR DAN MENENGAH,4,2026,Perlindungan bagi Pendidik dan Tenaga Kependidikan,Jakarta,08 Januari 2026,ABDUL MU’TI,Berlaku,https://peraturan.go.id/files/Permendikdasmen-no-4-tahun-2026.pdf,17032,17678,2026,13,,12 Januari 2026,DHAHANA PUTRA,Berlaku
https://peraturan.go.id/id/permendiktisaintek-no-14-tahun-2026,PERATURAN MENTERI,"KEMENTERIAN PENDIDIKAN TINGGI, SAINS, DAN TEKNOLOGI",14,2026,Satu Data Pendidikan Tinggi Sains dan Teknologi,Jakarta,31 Juli 2026,BRIAN YULIARTO,Berlaku,https://peraturan.go.id/files/permendiktisaintek-no-14-tahun-2026.pdf,527,376,2026,562,,11 Agustus 2026,DHAHANA PUTRA,Berlaku
https://peraturan.go.id/id/permen-haji-umrah-no-2-tahun-2026,PERATURAN MENTERI,KEMENTERIAN HAJI DAN UMRAH,2,2026,"Standar Kegiatan Usaha,Tata Cara Pelaksanaan Pengawasan, dan Sanksi Administratif pada Penyelenggaraan Perizinan Berusaha Berbasis Risiko Sektor Keagamaan",Jakarta,30 Juli 2026,MOCHAMAD IRFAN YUSUF,Berlaku,https://peraturan.go.id/files/permen-haji-umrah-no-2-tahun-2026.pdf,1997,1235,2026,541,,03 Agustus 2026,DHAHANA PUTRA,Berlaku
https://peraturan.go.id/id/permendikdasmen-no-11-tahun-2026,PERATURAN MENTERI,KEMENTERIAN PENDIDIKAN DASAR DAN MENENGAH,11,2026,Program Indonesia Pintar Pendidikan Dasar dan Menengah,Jakarta,12 Mei 2026,ABDUL MU’TI,Berlaku,https://peraturan.go.id/files/Permendikdasmen-no-11-tahun-2026.pdf,2400,4465,2026,309,,13 Mei 2026,DHAHANA PUTRA,Berlaku
https://peraturan.go.id/id/permensos-no-9-tahun-2026,PERATURAN MENTERI,KEMENTERIAN SOSIAL,9,2026,Kurikulum pada Sekolah Rakyat,Jakarta,11 Agustus 2026,SAIFULLAH YUSUF,Berlaku,https://peraturan.go.id/files/permensos-no-9-tahun-2026.pdf,414,218,2026,580,,19 Agustus 2026,DHAHANA PUTRA,Berlaku
https://peraturan.go.id/id/permen-esdm-no-2-tahun-2026,PERATURAN MENTERI,KEMENTERIAN ENERGI DAN SUMBER DAYA MINERAL,2,2026,Pencabutan Peraturan Menteri Energi dan Sumber Daya Mineral Nomor 09 Tahun 2009 tentang Pedoman Pelaksanaan Izin Belajar Ujian Kenaikan Pangkat Penyesuaian Ijazah dan Pencantuman Gelar bagi Pegawai Negeri Sipil di Lingkungan Departemen Energi dan Sumber Daya Mineral,Jakarta,13 Januari 2026,BAHLIL LAHADALIA,Berlaku,https://peraturan.go.id/files/permen-esdm-no-2-tahun-2026.pdf,1937,756,2026,45,,21 Januari 2026,DHAHANA PUTRA,Berlaku
https://peraturan.go.id/id/permenpanrb-no-10-tahun-2026,PERATURAN MENTERI,KEMENTERIAN PENDAYAGUNAAN APARATUR NEGARA DAN REFORMASI BIROKRASI,10,2026,Jabatan Fungsional Penata Kelola Pengawasan Pemilihan Umum,Jakarta,06 Juli 2026,RINI WIDYANTINI,Berlaku,https://peraturan.go.id/files/permenpanrb-no-10-tahun-2026.pdf,826,461,2026,455,,08 Juli 2026,DHAHANA PUTRA,Berlaku
https://peraturan.go.id/id/permenag-no-8-tahun-2026,PERATURAN MENTERI,KEMENTERIAN AGAMA,8,2026,Organisasi dan Tata Kerja Universitas Islam Negeri Sultan Maulana Hasanuddin Banten,Jakarta,14 April 2026,NASARUDDIN UMAR,Berlaku,https://peraturan.go.id/files/permenag-no-8-tahun-2026.pdf,1186,349,2026,250,,20 April 2026,DHAHANA PUTRA,Berlaku
https://peraturan.go.id/id/permenag-no-12-tahun-2026,PERATURAN MENTERI,KEMENTERIAN AGAMA,12,2026,Tata Naskah Dinas pada Kementerian Agama,Jakarta,13 Juli 2026,NASARUDDIN UMAR,Berlaku,https://peraturan.go.id/files/permenag-no-12-tahun-2026.pdf,1750,666,2026,489,,20 Juli 2026,DHAHANA PUTRA,Berlaku
https://peraturan.go.id/id/permendiktisaintek-no-1-tahun-2026,PERATURAN MENTERI,"KEMENTERIAN PENDIDIKAN TINGGI, SAINS, DAN TEKNOLOGI",1,2026,Pinjaman Perguruan Tinggi Negeri Badan Hukum,Jakarta,03 Februari 2026,BRIAN YULIARTO,Berlaku,https://peraturan.go.id/files/permendiktisaintek-no-1-tahun-2026.pdf,2268,1178,2026,82,,04 Februari 2026,DHAHANA PUTRA,Berlaku
https://peraturan.go.id/id/permendiktisaintek-no-13-tahun-2026,PERATURAN MENTERI,"KEMENTERIAN PENDIDIKAN TINGGI, SAINS, DAN TEKNOLOGI",13,2026,Statuta Politeknik Pertanian Negeri Samarinda,Jakarta,23 Juli 2026,BRIAN YULIARTO,Berlaku,https://peraturan.go.id/files/permendiktisaintek-no-13-tahun-2026.pdf,373,311,2026,518,,28 Juli 2026,DHAHANA PUTRA,Berlaku
https://peraturan.go.id/id/permendiktisaintek-no-4-tahun-2026,PERATURAN MENTERI,"KEMENTERIAN PENDIDIKAN TINGGI, SAINS, DAN TEKNOLOGI",4,2026,Pengelolaan Tugas Belajar bagi Pegawai Negeri Sipil di Lingkungan Kementerian Pendidikan Tinggi Sains dan Teknologi,Jakarta,27 Februari 2026,BRIAN YULIARTO,Berlaku,https://peraturan.go.id/files/permendiktisaintek-no-4-tahun-2026.pdf,2038,994,2026,136,,27 Februari 2026,DHAHANA PUTRA,Berlaku
https://peraturan.go.id/id/permenag-no-10-tahun-2026,PERATURAN MENTERI,KEMENTERIAN AGAMA,10,2026,Statuta Universitas Hindu Negeri I Gusti Bagus Sugriwa Denpasar,Jakarta,18 Mei 2026,NASARUDDIN UMAR,Berlaku,https://peraturan.go.id/files/permenag-no-10-tahun-2026.pdf,991,225,2026,353,,03 Juni 2026,DHAHANA PUTRA,Berlaku
https://peraturan.go.id/id/permenag-no-6-tahun-2026,PERATURAN MENTERI,KEMENTERIAN AGAMA,6,2026,Pembentukan Fakultas Jurusan dan Program Studi serta Sebutan Gelar dan Tata Cara Penulisan Gelar dalam Rumpun Ilmu Agama,Jakarta,04 Maret 2026,NASARUDDIN UMAR,Berlaku,https://peraturan.go.id/files/permenag-no-6-tahun-2026.pdf,2025,1246,2026,187,,16 Maret 2026,DHAHANA PUTRA,Berlaku
https://peraturan.go.id/id/permendikdasmen-no-2-tahun-2026,PERATURAN MENTERI,KEMENTERIAN PENDIDIKAN DASAR DAN MENENGAH,2,2026,Tata Naskah Dinas Kementerian Pendidikan Dasar dan Menengah,Jakarta,05 Januari 2026,ABDUL MU’TI,Berlaku,https://peraturan.go.id/files/Permendikdasmen-no-2-tahun-2026.pdf,10787,10105,2026,2,,07 Januari 2026,DHAHANA PUTRA,Berlaku
https://peraturan.go.id/id/permendiktisaintek-no-3-tahun-2026,PERATURAN MENTERI,"KEMENTERIAN PENDIDIKAN TINGGI, SAINS, DAN TEKNOLOGI",3,2026,Penerimaan Mahasiswa Baru Program Diploma dan Program Sarjana pada Perguruan Tinggi Negeri,Jakarta,18 Februari 2026,BRIAN YULIARTO,Berlaku,https://peraturan.go.id/files/permendiktisaintek-no-3-tahun-2026.pdf,2826,2236,2026,118,,19 Februari 2026,DHAHANA PUTRA,Berlaku
https://peraturan.go.id/id/permendikdasmen-no-8-tahun-2026,PERATURAN MENTERI,KEMENTERIAN PENDIDIKAN DASAR DAN MENENGAH,8,2026,Petunjuk Teknis Pengelolaan Dana Bantuan Operasional Satuan Pendidikan,Jakarta,05 Februari 2026,ABDUL MU’TI,Berlaku,https://peraturan.go.id/files/Permendikdasmen-no-8-tahun-2026.pdf,21640,57824,2026,89,,06 Februari 2026,DHAHANA PUTRA,Berlaku
https://peraturan.go.id/id/permenpanrb-no-6-tahun-2026,PERATURAN MENTERI,KEMENTERIAN PENDAYAGUNAAN APARATUR NEGARA DAN REFORMASI BIROKRASI,6,2026,Jabatan Fungsional Pengelola Pengadaan Barang Jasa,Jakarta,08 Mei 2026,RINI WIDYANTINI,Berlaku,https://peraturan.go.id/files/permenpanrb-no-6-tahun-2026.pdf,1664,1319,2026,318,,19 Mei 2026,DHAHANA PUTRA,Berlaku
https://peraturan.go.id/id/peraturan-bkn-no-2-tahun-2026,PERATURAN BADAN/LEMBAGA,BADAN KEPEGAWAIAN NEGARA,2,2026,Layanan E Kinerja Badan Kepegawaian Negara,Jakarta,31 Maret 2026,ZUDAN ARIF FAKRULLOH,Berlaku,https://peraturan.go.id/files/peraturan-bkn-no-2-tahun-2026.pdf,2123,1269,2026,227,,08 April 2026,DHAHANA PUTRA,Berlaku
https://peraturan.go.id/id/peraturan-koin-no-4-tahun-2026,PERATURAN BADAN/LEMBAGA,LEMBAGA OTORITA IBU KOTA NUSANTARA,4,2026,PETA JALAN PENDIDIKAN IBU KOTA NUSANTARA TAHUN 2025-2045,Jakarta,25 Februari 2026,M. BASUKI HADIMULJONO,Berlaku,https://peraturan.go.id/files/peraturan-koin-no-4-tahun-2026.pdf,1317,2093,2026,148,,04 Maret 2026,DHAHANA PUTRA,Berlaku
https://peraturan.go.id/id/peraturan-bkn-no-3-tahun-2026,PERATURAN BADAN/LEMBAGA,BADAN KEPEGAWAIAN NEGARA,3,2026,"PERUBAHAN ATAS PERATURAN BADAN KEPEGAWAIAN NEGARA NOMOR 3 TAHUN 2024 TENTANG BESARAN, PERSYARATAN, DAN TATA CARA PENGENAAN TARIF SAMPAI DENGAN RP0,00 (NOL RUPIAH) ATAU 0% (NOL PERSEN) ATAS JENIS PENERIMAAN NEGARA BUKAN PAJAK YANG BERLAKU PADA BADAN KEPEGAWAIAN NEGARA",Jakarta,30 April 2026,ZUDAN ARIF FAKRULLOH,Berlaku,https://peraturan.go.id/files/peraturan-bkn-no-3-tahun-2026.pdf,900,265,2026,299,,11 Mei 2026,DHAHANA PUTRA,Berlaku
https://peraturan.go.id/id/peraturan-kpk-no-2-tahun-2026,PERATURAN BADAN/LEMBAGA,KOMISI PEMBERANTASAN KORUPSI,2,2026,PERUBAHAN ATAS PERATURAN KOMISI PEMBERANTASAN KORUPSI REPUBLIK INDONESIA NOMOR 1 TAHUN 2022 TENTANG KEPEGAWAIAN KOMISI PEMBERANTASAN KORUPSI,Jakarta,05 Februari 2026,Setyo Budiyanto,Berlaku,https://peraturan.go.id/files/peraturan-kpk-no-2-tahun-2026.pdf,2008,729,2026,125,,24 Februari 2026,DHAHANA PUTRA,Berlaku
https://peraturan.go.id/id/peraturan-bapanas-no-1-tahun-2026,PERATURAN BADAN/LEMBAGA,BADAN PANGAN NASIONAL,1,2026,Perubahan atas Peraturan Badan Pangan Nasional Nomor 13 Tahun 2024 tentang Standar Mutu Produk Pangan Lokal Dalam Rangka Penganekaragaman Pangan,Jakarta,29 Januari 2026,Andi Amran Sulaiman,Berlaku,https://peraturan.go.id/files/peraturan-bapanas-no-1-tahun-2026.pdf,1908,3035,2026,75,,03 Februari 2026,DHAHANA PUTRA,Berlaku
https://peraturan.go.id/id/peraturan-bnpp-no-1-tahun-2026,PERATURAN BADAN/LEMBAGA,BADAN NASIONAL PENGELOLA PERBATASAN,1,2026,PERATURAN BADAN NASIONAL PENGELOLA PERBATASAN NOMOR 1 TAHUN 2026 TENTANG PENDELEGASIAN KEWENANGAN PENANDATANGANAN NASKAH DINAS KEPEGAWAIAN DI LINGKUNGAN SEKRETARIAT TETAP BADAN NASIONAL PENGELOLA PERBATASAN,Jakarta,26 Januari 2026,MUHAMMAD TITO KARNAVIAN,Berlaku,https://peraturan.go.id/files/peraturan-bnpp-no-1-tahun-2026.pdf,18,25,,,,,,Berlaku
https://peraturan.go.id/id/peraturan-bkn-no-1-tahun-2026,PERATURAN BADAN/LEMBAGA,BADAN KEPEGAWAIAN NEGARA,1,2026,PEMBERIAN PENGHARGAAN DAN DISIPLIN BAGI PEGAWAI PEMERINTAH DENGAN PERJANJIAN KERJA DI LINGKUNGAN BADAN KEPEGAWAIAN NEGARA,Jakarta,27 Februari 2026,ZUDAN ARIF FAKRULLOH,Berlaku,https://peraturan.go.id/files/peraturan-bkn-no-1-tahun-2026.pdf,1187,755,2026,181,,16 Maret 2026,DHAHANA PUTRA,Berlaku
https://peraturan.go.id/id/peraturan-lan-no-1-tahun-2026,PERATURAN BADAN/LEMBAGA,LEMBAGA ADMINISTRASI NEGARA,1,2026,Uji Kompetensi Jabatan Fungsional di Bidang Pengembangan Kapasitas dan Pembelajaran Aparatur Sipil Negara,Jakarta,07 Januari 2026,MUHAMMAD TAUFIQ,Berlaku,https://peraturan.go.id/files/peraturan-lan-no-1-tahun-2026.pdf,5946,6199,2026,6,,09 Januari 2026,DHAHANA PUTRA,Berlaku
https://peraturan.go.id/id/peraturan-brin-no-5-tahun-2026,PERATURAN BADAN/LEMBAGA,BADAN RISET DAN INOVASI NASIONAL,5,2026,Program Pengembangan Kapasitas Sumber Daya Manusia melalui Pendidikan Pascasarjana Berbasis Riset dan Mobilitas Periset,Jakarta,21 Mei 2026,Arif Satria,Berlaku,https://peraturan.go.id/files/peraturan-brin-no-5-tahun-2026.pdf,765,166,2026,373,,09 Juni 2026,DHAHANA PUTRA,Berlaku
https://peraturan.go.id/id/peraturan-bpjph-no-1-tahun-2026,PERATURAN BADAN/LEMBAGA,BADAN PENYELENGGARA JAMINAN PRODUK HALAL,1,2026,Petunjuk Pelaksanaan dan Petunjuk Teknis Jabatan Fungsional Pengawas Jaminan Produk Halal,Jakarta,06 Januari 2026,AHMAD HAIKAL HASAN,Berlaku,https://peraturan.go.id/files/peraturan-bpjph-no-1-tahun-2026.pdf,2291,1957,2026,26,,19 Januari 2026,DHAHANA PUTRA,Berlaku
https://peraturan.go.id/id/peraturan-lan-no-2-tahun-2026,PERATURAN BADAN/LEMBAGA,LEMBAGA ADMINISTRASI NEGARA,2,2026,Perubahan atas Peraturan Lembaga Administrasi Negara Republik Indonesia Nomor 1 Tahun 2026 tentang Uji Kompetensi Jabatan Fungsional di Bidang Pengembangan Kapasitas dan Pembelajaran Aparatur Sipil Negara,Jakarta,13 Maret 2026,MUHAMMAD TAUFIQ,Berlaku,https://peraturan.go.id/files/peraturan-lan-no-2-tahun-2026.pdf,1378,857,2026,192,,25 Maret 2026,DHAHANA PUTRA,Berlaku
https://peraturan.go.id/id/peraturan-bpom-no-31-tahun-2025,PERATURAN BADAN/LEMBAGA,BADAN PENGAWAS OBAT DAN MAKANAN,31,2025,Pedoman Penyelenggaraan Uji Kompetensi Jabatan Fungsional Pengawas Farmasi dan Makanan,Jakarta,09 Desember 2025,Taruna Ikrar,Berlaku,https://peraturan.go.id/files/peraturan-bpom-no-31-tahun-2025.pdf,1233,530,2025,1061,,16 Desember 2025,DHAHANA PUTRA,Berlaku
https://peraturan.go.id/id/peraturan-polri-no-5-tahun-2025,PERATURAN BADAN/LEMBAGA,KEPOLISIAN NEGARA REPUBLIK INDONESIA,5,2025,Penyelenggaraan Pendidikan dan Pelatihan Mengemudi,Jakarta,23 Juni 2025,LISTYO SIGIT PRABOWO,Berlaku,https://peraturan.go.id/files/peraturan-polri-no-5-tahun-2025.pdf,1915,,2025,438,,24 Juni 2025,DHAHANA PUTRA,Berlaku
https://peraturan.go.id/id/peraturan-anri-no-7-tahun-2025,PERATURAN BADAN/LEMBAGA,ARSIP NASIONAL,7,2025,Perubahan Atas Peraturan Kepala Arsip Nasional Republik Indonesia Nomor 6 Tahun 2016 Tentang Pedoman Sertifikasi Jabatan Fungsional Arsiparis,Jakarta,06 November 2025,Mego Pinandito,Berlaku,https://peraturan.go.id/files/peraturan-anri-no-7-tahun-2025.pdf,1199,396,2025,928,,12 November 2025,DHAHANA PUTRA,Berlaku
https://peraturan.go.id/id/perpres-no-7-tahun-2026,PERATURAN PRESIDEN,PEMERINTAH PUSAT,7,2026,"perubahan atas peraturan presiden nomor 189 tahun 2024 tentang kementerian pendidikan tinggi, sains, dan teknologi",Jakarta,09 Februari 2026,PRABOWO SUBIANTO,Berlaku,https://peraturan.go.id/files/perpres-no-7-tahun-2026.pdf,1800,524,2026,14,,09 Februari 2026,PRASETYO HADI,Berlaku
https://peraturan.go.id/id/perpres-no-19-tahun-2026,PERATURAN PRESIDEN,PEMERINTAH PUSAT,19,2026,tunjangan jabatan fungsional anggota kepolisian negara republik indonesia,Jakarta,27 Maret 2026,PRABOWO SUBIANTO,Berlaku,https://peraturan.go.id/files/perpres-no-19-tahun-2026.pdf,2680,1252,2026,32,,27 Maret 2026,PRASETYO HADI,Berlaku
https://peraturan.go.id/id/perpres-no-6-tahun-2026,PERATURAN PRESIDEN,PEMERINTAH PUSAT,6,2026,perubahan atas peraturan presiden nomor 188 tahun 2024 tentang kementerian pendidikan dasar dan menengah,Jakarta,09 Februari 2026,PRABOWO SUBIANTO,Berlaku,https://peraturan.go.id/files/perpres-no-6-tahun-2026.pdf,1748,448,2026,13,,09 Februari 2026,PRASETYO HADI,Berlaku
https://peraturan.go.id/id/perpres-no-18-tahun-2026,PERATURAN PRESIDEN,PEMERINTAH PUSAT,18,2026,perubahan atas peraturan presiden nomor 152 tahun 2024 tentang kementerian agama,Jakarta,27 Maret 2026,PRABOWO SUBIANTO,Berlaku,https://peraturan.go.id/files/perpres-no-18-tahun-2026.pdf,1259,339,2026,31,,27 Maret 2026,PRASETYO HADI,Berlaku
https://peraturan.go.id/id/perpres-no-18-tahun-2025,PERATURAN PRESIDEN,PEMERINTAH PUSAT,18,2025,TUNJANGAN KINERJA PEGAWAI DI LINGKUNGAN KEMENTERIAN PENDIDIKAN DASAR DAN MENENGAH,Jakarta,27 Maret 2025,PRABOWO SUBIANTO,Berlaku,https://peraturan.go.id/files/perpres-no-18-tahun-2025.pdf,4174,1524,2025,38,,27 Maret 2025,PRASETYO HADI,Berlaku
https://peraturan.go.id/id/perpres-no-67-tahun-2025,PERATURAN PRESIDEN,PEMERINTAH PUSAT,67,2025,PENGESAHAN AGREEMENT UNDER THE UNITED NATIONS CONVENTION ON THE LAW OF THE SEA ON THE CONSERVATION AND SUSTAINABLE USE ON MARINE BIOLOGICAL DIVERSITY OF AREAS BEYOND NATIONAL JURISDICTION (PERSETUJUAN DI BAWAH KONVENSI PERSERIKATAN BANGSA-BANGSA TENTANG HUKUM LAUT TENTANG KONSERVASI DAN PEMANFAATAN KEANEKARAGAMAN HAYATI LAUT SECARA BERKELANJUTAN DI WILAYAH DI LUAR YURISDIKSI NASIONAL),Jakarta,04 Juni 2025,PRABOWO SUBIANTO,Berlaku,https://peraturan.go.id/files/perpres-no-67-tahun-2025.pdf,1555,524,2025,95,7115,04 Juni 2025,PRASETYO HADI,Berlaku
https://peraturan.go.id/id/perpres-no-61-tahun-2025,PERATURAN PRESIDEN,PEMERINTAH PUSAT,61,2025,INSTITUT AGAMA HINDU NEGERI MPU KUTURAN,Jakarta,08 Mei 2025,PRABOWO SUBIANTO,Berlaku,https://peraturan.go.id/files/perpres-no-61-tahun-2025.pdf,1238,432,2025,87,,08 Mei 2025,PRASETYO HADI,Berlaku
https://peraturan.go.id/id/perpres-no-62-tahun-2025,PERATURAN PRESIDEN,PEMERINTAH PUSAT,62,2025,INSTITUT AGAMA ISLAM NEGERI DATUK LAKSEMANA BENGKALIS,Jakarta,08 Mei 2025,PRABOWO SUBIANTO,Berlaku,https://peraturan.go.id/files/perpres-no-62-tahun-2025.pdf,1239,355,2025,88,,08 Mei 2025,PRASETYO HADI,Berlaku
https://peraturan.go.id/id/perpres-no-19-tahun-2025,PERATURAN PRESIDEN,PEMERINTAH PUSAT,19,2025,"Tunjangan Kinerja Pegawai di Lingkungan Kementerian Pendidikan Tinggi, Sains, dan Teknologi",Jakarta,27 Maret 2025,PRABOWO SUBIANTO,Berlaku,https://peraturan.go.id/files/perpres-no-19-tahun-2025.pdf,1572,678,2025,39,,27 Maret 2025,PRASETYO HADI,Berlaku
https://peraturan.go.id/id/perpres-no-37-tahun-2024,PERATURAN PRESIDEN,PEMERINTAH PUSAT,37,2024,TUNJANGAN JABATAN FUNGSIONAL PENATA KADASTRAL,Jakarta,22 Maret 2024,JOKO WIDODO,Berlaku,https://peraturan.go.id/files/perpres-no-37-tahun-2024.pdf,2798,2174,2024,52,,22 Maret 2024,PRATIKNO,Berlaku
https://peraturan.go.id/id/perpres-no-127-tahun-2024,PERATURAN PRESIDEN,PEMERINTAH PUSAT,127,2024,TUNJANGAN JABATAN FUNGSIONAL KURATOR KOLEKSI HAYATI,Jakarta,17 Oktober 2024,JOKO WIDODO,Berlaku,https://peraturan.go.id/files/perpres-no-127-tahun-2024.pdf,1468,814,,,,,,Berlaku
https://peraturan.go.id/id/perpres-no-129-tahun-2024,PERATURAN PRESIDEN,PEMERINTAH PUSAT,129,2024,TUNJANGAN JABATAN FUNGSIONAL ANALIS DATA ILMIAH,Jakarta,17 Oktober 2024,JOKO WIDODO,Berlaku,https://peraturan.go.id/files/perpres-no-129-tahun-2024.pdf,1670,788,Berlaku,,,,,
https://peraturan.go.id/id/perpres-no-126-tahun-2024,PERATURAN PRESIDEN,PEMERINTAH PUSAT,126,2024,TUNJANGAN JABATAN FUNGSIONAL ANALIS PEMANFAATAN ILMU PENGETAHUAN DAN TEKNOLOGI,Jakarta,17 Oktober 2024,JOKO WIDODO,Berlaku,https://peraturan.go.id/files/perpres-no-126-tahun-2024.pdf,1342,727,Berlaku,,,,,
https://peraturan.go.id/id/perpres-no-152-tahun-2024,PERATURAN PRESIDEN,PEMERINTAH PUSAT,152,2024,KEMENTERIAN AGAMA,Jakarta,05 November 2024,PRABOWO SUBIANTO,Berlaku,,1666,231,Berlaku,,,,,
https://peraturan.go.id/id/perpres-no-36-tahun-2024,PERATURAN PRESIDEN,PEMERINTAH PUSAT,36,2024,TUNJANGAN JABATAN FUNGSIONAL PENGEMBANG PENILAIAN PENDIDIKAN,Jakarta,22 Maret 2024,JOKO WIDODO,Berlaku,https://peraturan.go.id/files/perpres-no-36-tahun-2024.pdf,1931,1940,Berlaku,2024,51,,22 Mei 2024,PRATIKNO
https://peraturan.go.id/id/perpres-no-104-tahun-2024,PERATURAN PRESIDEN,PEMERINTAH PUSAT,104,2024,TUNJANGAN JABATAN FUNGSIONAL KONSELOR ADIKSI,Jakarta,30 September 2024,JOKO WIDODO,Berlaku,https://peraturan.go.id/files/perpres-no-104-tahun-2024.pdf,1368,759,Berlaku,,,,,
https://peraturan.go.id/id/perpres-no-27-tahun-2024,PERATURAN PRESIDEN,PEMERINTAH PUSAT,27,2024,TUNJANGAN JABATAN FUNGSIONAL ASISTEN PENGUJI PERANGKAT TELEKOMUNIKASI,Jakarta,15 Februari 2024,JOKO WIDODO,Berlaku,https://peraturan.go.id/files/perpres-no-27-tahun-2024.pdf,2123,1207,2024,41,,15 Februari 2024,PRATIKNO,Berlaku
https://peraturan.go.id/id/perpres-no-128-tahun-2024,PERATURAN PRESIDEN,PEMERINTAH PUSAT,128,2024,TUNJANGAN JABATAN FUNGSIONAL PENATA PENERBITAN ILMIAH,Jakarta,17 Oktober 2024,JOKO WIDODO,Berlaku,https://peraturan.go.id/files/perpres-no-128-tahun-2024.pdf,1322,674,,,,,,Berlaku
https://peraturan.go.id/id/perpres-no-188-tahun-2024,PERATURAN PRESIDEN,PEMERINTAH PUSAT,188,2024,KEMENTERIAN PENDIDIKAN DASAR DAN MENENGAH,Jakarta,08 November 2024,PRABOWO SUBIANTO,Berlaku,https://peraturan.go.id/files/perpres-no-188-tahun-2024.pdf,3972,1320,2024,385,,08 November 2024,PRASETYO HADI,Berlaku
https://peraturan.go.id/id/perpres-no-134-tahun-2024,PERATURAN PRESIDEN,PEMERINTAH PUSAT,134,2024,TUNJANGAN JABATAN FUNGSIONAL ANALIS PENGUSAHAAN JASA KELAUTAN,Jakarta,18 Oktober 2024,JOKO WIDODO,Berlaku,https://peraturan.go.id/files/perpres-no-134-tahun-2024.pdf,1292,705,Berlaku,,,,,
https://peraturan.go.id/id/perpres-no-106-tahun-2024,PERATURAN PRESIDEN,PEMERINTAH PUSAT,106,2024,TUNJANGAN JABATAN FUNGSIONAL ASISTEN KONSELOR ADIKSI,Jakarta,30 September 2024,JOKO WIDODO,Berlaku,https://peraturan.go.id/files/perpres-no-106-tahun-2024.pdf,1279,637,Berlaku,,,,,
https://peraturan.go.id/id/perpres-no-43-tahun-2024,PERATURAN PRESIDEN,PEMERINTAH PUSAT,43,2024,TUNJANGAN JABATAN FUNGSIONAL ANALIS STANDARDISASI,Jakarta,27 Juni 2024,JOKO WIDODO,Berlaku,https://peraturan.go.id/files/perpres-no-43-tahun-2024.pdf,2352,1351,Berlaku,2024,58,,27 Maret 2024,PRATIKNO
https://peraturan.go.id/id/perpres-no-120-tahun-2024,PERATURAN PRESIDEN,PEMERINTAH PUSAT,120,2024,TUNJANGAN JABATAN FUNGSIONAL PENATA MEDIASI SENGKETA HAK ASASI MANUSIA,Jakarta,11 Oktober 2024,JOKO WIDODO,Berlaku,https://peraturan.go.id/files/perpres-no-120-tahun-2024.pdf,1357,747,Berlaku,,,,,
https://peraturan.go.id/id/perpres-no-46-tahun-2024,PERATURAN PRESIDEN,PEMERINTAH PUSAT,46,2024,TUNJANGAN JABATAN FUNGSIONAL PENTASHIH MUSHAF AL-QUR'AN,Jakarta,27 Maret 2024,JOKO WIDODO,Berlaku,https://peraturan.go.id/files/perpres-no-46-tahun-2024.pdf,1410,685,2024,61,,27 Maret 2024,PRATIKNO,Berlaku
https://peraturan.go.id/id/perpres-no-92-tahun-2024,PERATURAN PRESIDEN,PEMERINTAH PUSAT,92,2024,BADAN KEPEGAWAIAN NEGARA,Jakarta,23 Agustus 2024,JOKO WIDODO,Berlaku,https://peraturan.go.id/files/perpres-no-92-tahun-2024.pdf,2368,831,2024,183,,23 Agustus 2024,PRATIKNO,Berlaku
https://peraturan.go.id/id/perpres-no-53-tahun-2024,PERATURAN PRESIDEN,PEMERINTAH PUSAT,53,2024,TUNJANGAN JABATAN FUNGSIONAL INSPEKTUR KETENAGALISTRIKAN,Jakarta,17 April 2024,JOKO WIDODO,Berlaku,https://peraturan.go.id/files/perpres-no-53-tahun-2024.pdf,2184,814,,,,,,Berlaku
https://peraturan.go.id/id/perpres-no-189-tahun-2024,PERATURAN PRESIDEN,PEMERINTAH PUSAT,189,2024,"KEMENTERIAN PENDIDIKAN TINGGI, SAINS, DAN TEKNOLOGI",Jakarta,08 November 2024,PRABOWO SUBIANTO,Berlaku,https://peraturan.go.id/files/perpres-no-189-tahun-2024.pdf,2491,1000,2024,386,,08 November 2024,PRASETYO HADI,Berlaku
https://peraturan.go.id/id/perpres-no-38-tahun-2024,PERATURAN PRESIDEN,PEMERINTAH PUSAT,38,2024,TUNJANGAN JABATAN FUNGSIONAL ASISTEN PENATA KADASTRAL,Jakarta,22 Maret 2024,JOKO WIDODO,Berlaku,https://peraturan.go.id/files/perpres-no-38-tahun-2024.pdf,1739,615,2024,53,,22 Maret 2024,PRATIKNO,Berlaku
https://peraturan.go.id/id/perpres-no-125-tahun-2024,PERATURAN PRESIDEN,PEMERINTAH PUSAT,125,2024,TUNJANGAN JABATAN FUNGSIONAL PENATA RUANG,Jakarta,17 Oktober 2024,JOKO WIDODO,Berlaku,https://peraturan.go.id/files/perpres-no-125-tahun-2024.pdf,1379,597,Berlaku,,,,,
https://peraturan.go.id/id/perpres-no-44-tahun-2024,PERATURAN PRESIDEN,PEMERINTAH PUSAT,44,2024,TUNJANGAN JABATAN FUNGSIONAL PENJAMIN MUTU PRODUK,Jakarta,27 Maret 2024,JOKO WIDODO,Berlaku,https://peraturan.go.id/files/perpres-no-44-tahun-2024.pdf,1674,706,Berlaku,2024,59,,27 Maret 2024,PRATIKNO
https://peraturan.go.id/id/perpres-no-103-tahun-2024,PERATURAN PRESIDEN,PEMERINTAH PUSAT,103,2024,TUNJANGAN JABATAN FUNGSIONAL PENYIDIK BADAN NARKOTIKA NASIONAL,Jakarta,30 September 2024,JOKO WIDODO,Berlaku,https://peraturan.go.id/files/perpres-no-103-tahun-2024.pdf,1263,550,Berlaku,,,,,
https://peraturan.go.id/id/perpres-no-107-tahun-2024,PERATURAN PRESIDEN,PEMERINTAH PUSAT,107,2024,TUNJANGAN JABATAN FUNGSIONAL ASISTEN PENATA LABORATORIUM NARKOTIKA,Jakarta,30 September 2024,JOKO WIDODO,Berlaku,https://peraturan.go.id/files/perpres-no-107-tahun-2024.pdf,1233,539,Berlaku,,,,,
https://peraturan.go.id/id/perpres-no-9-tahun-2024,PERATURAN PRESIDEN,PEMERINTAH PUSAT,9,2024,PENYELENGGARAAN PENDIDIKAN DAN PELATIHAN PENCEGAHAN DAN PENANGANAN TINDAK PIDANA KEKERASAN SEKSUAL,Jakarta,23 Januari 2024,JOKO WIDODO,Berlaku,https://peraturan.go.id/files/perpres-no-9-tahun-2024.pdf,3224,2037,Berlaku,2024,14,,23 Januari 2024,PRATIKNO
https://peraturan.go.id/id/perppu-no-48-tahun-1960,PERATURAN PEMERINTAH PENGGANTI UNDANG-UNDANG,PEMERINTAH PUSAT,48,1960,PENGAWASAN PENDIDIKAN DAN PENGAJARAN ASING,Jakarta,,,Berlaku,,12272,5,1960,155,2103,01 Januari 1970,,Berlaku
